id,url,subjects,caption,people,photographer
1,https://imdbpics.s3.us-east-2.amazonaws.com/ali-pazani-pTKWWQbow44-unsplash.jpg,1,,,Ali Pazani
2,https://imdbpics.s3.us-east-2.amazonaws.com/allef-vinicius-wedding-unsplash.jpg,1+M,,,Allef Vinicius
3,https://imdbpics.s3.us-east-2.amazonaws.com/alvaro-cvg-wedding-unsplash.jpg,2,,,Alvaro Cvg
4,https://imdbpics.s3.us-east-2.amazonaws.com/andy-falconer-vXmPa7c7M1E-unsplash.jpg,1,,,Andy Falconer
5,https://imdbpics.s3.us-east-2.amazonaws.com/brayan-garcia-xmXgn4kGMAc-unsplash.jpg,1,,,Brayan Garcia
6,https://imdbpics.s3.us-east-2.amazonaws.com/chetan-alodiya-MMUdcWHwNTs-unsplash.jpg,1,,,Chetan Alodiya
7,https://imdbpics.s3.us-east-2.amazonaws.com/chris-murray-iwfHhOZLVMU-unsplash.jpg,2,,,Chris Murray
8,https://imdbpics.s3.us-east-2.amazonaws.com/cristian-newman-Gy6mIqYxgew-unsplash.jpg,2,,,Cristian Newman
9,https://imdbpics.s3.us-east-2.amazonaws.com/diana-k-EsS1cCEyvRE-unsplash.jpg,1,,,Diana K
10,https://imdbpics.s3.us-east-2.amazonaws.com/dimitar-belchev-ub5dumI2SUk-unsplash.jpg,1,,,Dimitar Belchev
11,https://imdbpics.s3.us-east-2.amazonaws.com/doil-oh-y2vJKqSuWvg-unsplash.jpg,1,,,Doil Oh
12,https://imdbpics.s3.us-east-2.amazonaws.com/drew-dau-0SukTvdAx7A-unsplash.jpg,1,,,Drew Dau
13,https://imdbpics.s3.us-east-2.amazonaws.com/heino-elnionis-hvtT5OW7jPs-unsplash.jpg,1,,,Heino Elnionis
14,https://imdbpics.s3.us-east-2.amazonaws.com/husein-bahr-93afVrqOOyo-unsplash.jpg,1,,,Husein Bahr
15,https://imdbpics.s3.us-east-2.amazonaws.com/jakob-owens-qJFDy-Q2f_I-unsplash.jpg,1,,,Jakob Owens
16,https://imdbpics.s3.us-east-2.amazonaws.com/joel-filipe-HrxzQV-dFK0-unsplash.jpg,1,,,Joel Filipe
17,https://imdbpics.s3.us-east-2.amazonaws.com/joel-muniz-jSRkyHyQUWQ-unsplash.jpg,1,,,Joel Muniz
18,https://imdbpics.s3.us-east-2.amazonaws.com/k-mitch-hodge-Ht7zJAgYJSM-unsplash.jpg,M,,,K Mitch Hodge
19,https://imdbpics.s3.us-east-2.amazonaws.com/kal-visuals-HXr5Mz2PF7I-unsplash.jpg,2,,,Kal Visuals
20,https://imdbpics.s3.us-east-2.amazonaws.com/kal-visuals-Jlj7FdhEIQw-unsplash.jpg,1,,,Kal Visuals
21,https://imdbpics.s3.us-east-2.amazonaws.com/kal-visuals-q_WEeNxVR0o-unsplash.jpg,1,,,Kal Visuals
22,https://imdbpics.s3.us-east-2.amazonaws.com/karsten-winegeart-VC4N3zKtF2Q-unsplash.jpg,1,,,Karsten Winegeart
23,https://imdbpics.s3.us-east-2.amazonaws.com/koke-mayayo-thevisualkiller-cTnBbuRrcU4-unsplash.jpg,1,,,Koke Mayayo (thevisualkiller)
24,https://imdbpics.s3.us-east-2.amazonaws.com/logan-weaver-WFtbDTsPul4-unsplash.jpg,4,,,Logan Weaver
25,https://imdbpics.s3.us-east-2.amazonaws.com/luis-villafranca-BQ58tw_y70k-unsplash.jpg,1,,,Luis Villafranca
26,https://imdbpics.s3.us-east-2.amazonaws.com/matty-adame-nLUb9GThIcg-unsplash.jpg,1,,,Matty Adame
27,https://imdbpics.s3.us-east-2.amazonaws.com/mike-von-dufjOCQ41zQ-unsplash.jpg,1,,,Mike Von
28,https://imdbpics.s3.us-east-2.amazonaws.com/mr-autthaporn-pradidpong-kOb4J5VGXj0-unsplash.jpg,1,,,Mr Autthaporn Pradidpong
29,https://imdbpics.s3.us-east-2.amazonaws.com/nicole-geri--Klo760s9jQ-unsplash.jpg,1,,,Nicole Geri
30,https://imdbpics.s3.us-east-2.amazonaws.com/patricia-prudente-EOEnvxQqtqA-unsplash.jpg,1,,,Patricia Prudente
31,https://imdbpics.s3.us-east-2.amazonaws.com/peter-raymond-XJtrI0e_P00-unsplash.jpg,1,,,Peter Raymond
32,https://imdbpics.s3.us-east-2.amazonaws.com/pranav-kumar-jain-KJxETTtHAlw-unsplash.jpg,M,,,Pranav Kumar Jain
33,https://imdbpics.s3.us-east-2.amazonaws.com/randy-jacob-wL-Nwpm_xJc-unsplash.jpg,1,,,Randy Jacob
34,https://imdbpics.s3.us-east-2.amazonaws.com/roman-denisenko-TyYcAdWm7mI-unsplash.jpg,1,,,Roman Denisenko
35,https://imdbpics.s3.us-east-2.amazonaws.com/sahin-yesilyaprak-jls15HX-iVw-unsplash.jpg,1,,,Sahin Yesilyaprak
36,https://imdbpics.s3.us-east-2.amazonaws.com/sandro-strenta-Bs89LsTIYl4-unsplash.jpg,1,,,Sandro Strenta
37,https://imdbpics.s3.us-east-2.amazonaws.com/scorpio-creative-4-G_tNoDUBs-unsplash.jpg,1,,,Scorpio Creative
38,https://imdbpics.s3.us-east-2.amazonaws.com/shlag-0hXH3EXo88Q-unsplash.jpg,2,,,Shlag
39,https://imdbpics.s3.us-east-2.amazonaws.com/skullector-r-hcIumOa5ft0-unsplash.jpg,1,,,Skullector R
40,https://imdbpics.s3.us-east-2.amazonaws.com/sunyu-kim-1ALIVsHH2w0-unsplash.jpg,1,,,Sunyu Kim
41,https://imdbpics.s3.us-east-2.amazonaws.com/tyler-casey-zplYiXUxjXI-unsplash.jpg,1,,,Tyler Casey
42,https://imdbpics.s3.us-east-2.amazonaws.com/valerie-elash-wedding-unsplash.jpg,3,,,Valerie Elash
43,https://imdbpics.s3.us-east-2.amazonaws.com/victoria-priessnitz-wedding-unsplash.jpg,1,,,Victoria Priessnitz
44,https://imdbpics.s3.us-east-2.amazonaws.com/virgyl-sowah-lHOJYkpSZ0A-unsplash.jpg,2,,,Virgyl Sowah
45,https://imdbpics.s3.us-east-2.amazonaws.com/vitaly-sacred-lo2Ewjj_z_4-unsplash.jpg,1,,,Vitaly Sacred
46,https://imdbpics.s3.us-east-2.amazonaws.com/vitor-pinto-wedding-unsplash.jpg,2,,,Vitor Pinto
47,https://imdbpics.s3.us-east-2.amazonaws.com/zoriana-stakhniv-wedding-unsplash.jpg,7,,,Zoriana Stakhniv
